<?xml version="1.0"?>
<ArrayOfAnswer xmlns:xsi="http://www.w3.org/2001/XMLSchema-instance" xmlns:xsd="http://www.w3.org/2001/XMLSchema">
  <Answer>
    <fname>picture1_1.png</fname>
    <num>1</num>
    <Spoint>
      <X>206</X>
      <Y>125</Y>
    </Spoint>
    <W>18</W>
    <H>26</H>
  </Answer>
  <Answer>
    <fname>picture1_1.png</fname>
    <num>2</num>
    <Spoint>
      <X>114</X>
      <Y>184</Y>
    </Spoint>
    <W>32</W>
    <H>31</H>
  </Answer>
  <Answer>
    <fname>picture1_1.png</fname>
    <num>3</num>
    <Spoint>
      <X>109</X>
      <Y>353</Y>
    </Spoint>
    <W>43</W>
    <H>29</H>
  </Answer>
  <Answer>
    <fname>picture1_1.png</fname>
    <num>4</num>
    <Spoint>
      <X>81</X>
      <Y>101</Y>
    </Spoint>
    <W>22</W>
    <H>20</H>
  </Answer>
  <Answer>
    <fname>picture1_1.png</fname>
    <num>5</num>
    <Spoint>
      <X>0</X>
      <Y>238</Y>
    </Spoint>
    <W>42</W>
    <H>55</H>
  </Answer>
  <Answer>
    <fname>picture2_1.png</fname>
    <num>1</num>
    <Spoint>
      <X>56</X>
      <Y>92</Y>
    </Spoint>
    <W>41</W>
    <H>32</H>
  </Answer>
  <Answer>
    <fname>picture2_1.png</fname>
    <num>2</num>
    <Spoint>
      <X>207</X>
      <Y>264</Y>
    </Spoint>
    <W>33</W>
    <H>29</H>
  </Answer>
  <Answer>
    <fname>picture2_1.png</fname>
    <num>3</num>
    <Spoint>
      <X>142</X>
      <Y>429</Y>
    </Spoint>
    <W>39</W>
    <H>29</H>
  </Answer>
  <Answer>
    <fname>picture2_1.png</fname>
    <num>4</num>
    <Spoint>
      <X>19</X>
      <Y>422</Y>
    </Spoint>
    <W>41</W>
    <H>29</H>
  </Answer>
  <Answer>
    <fname>picture2_1.png</fname>
    <num>5</num>
    <Spoint>
      <X>154</X>
      <Y>142</Y>
    </Spoint>
    <W>30</W>
    <H>38</H>
  </Answer>
  <Answer>
    <fname>picture3_1.png</fname>
    <num>1</num>
    <Spoint>
      <X>255</X>
      <Y>192</Y>
    </Spoint>
    <W>26</W>
    <H>26</H>
  </Answer>
  <Answer>
    <fname>picture3_1.png</fname>
    <num>2</num>
    <Spoint>
      <X>243</X>
      <Y>348</Y>
    </Spoint>
    <W>35</W>
    <H>28</H>
  </Answer>
  <Answer>
    <fname>picture3_1.png</fname>
    <num>3</num>
    <Spoint>
      <X>198</X>
      <Y>440</Y>
    </Spoint>
    <W>20</W>
    <H>22</H>
  </Answer>
  <Answer>
    <fname>picture3_1.png</fname>
    <num>4</num>
    <Spoint>
      <X>4</X>
      <Y>219</Y>
    </Spoint>
    <W>18</W>
    <H>26</H>
  </Answer>
  <Answer>
    <fname>picture3_1.png</fname>
    <num>5</num>
    <Spoint>
      <X>138</X>
      <Y>308</Y>
    </Spoint>
    <W>23</W>
    <H>20</H>
  </Answer>
  <Answer>
    <fname>picture4_1.png</fname>
    <num>1</num>
    <Spoint>
      <X>31</X>
      <Y>85</Y>
    </Spoint>
    <W>56</W>
    <H>53</H>
  </Answer>
  <Answer>
    <fname>picture4_1.png</fname>
    <num>2</num>
    <Spoint>
      <X>222</X>
      <Y>181</Y>
    </Spoint>
    <W>20</W>
    <H>18</H>
  </Answer>
  <Answer>
    <fname>picture4_1.png</fname>
    <num>3</num>
    <Spoint>
      <X>144</X>
      <Y>347</Y>
    </Spoint>
    <W>27</W>
    <H>43</H>
  </Answer>
  <Answer>
    <fname>picture4_1.png</fname>
    <num>4</num>
    <Spoint>
      <X>110</X>
      <Y>440</Y>
    </Spoint>
    <W>20</W>
    <H>23</H>
  </Answer>
  <Answer>
    <fname>picture4_1.png</fname>
    <num>5</num>
    <Spoint>
      <X>261</X>
      <Y>132</Y>
    </Spoint>
    <W>48</W>
    <H>53</H>
  </Answer>
  <Answer>
    <fname>picture5_1.png</fname>
    <num>1</num>
    <Spoint>
      <X>187</X>
      <Y>7</Y>
    </Spoint>
    <W>25</W>
    <H>30</H>
  </Answer>
  <Answer>
    <fname>picture5_1.png</fname>
    <num>2</num>
    <Spoint>
      <X>214</X>
      <Y>264</Y>
    </Spoint>
    <W>38</W>
    <H>32</H>
  </Answer>
  <Answer>
    <fname>picture5_1.png</fname>
    <num>3</num>
    <Spoint>
      <X>61</X>
      <Y>277</Y>
    </Spoint>
    <W>21</W>
    <H>19</H>
  </Answer>
  <Answer>
    <fname>picture5_1.png</fname>
    <num>4</num>
    <Spoint>
      <X>154</X>
      <Y>343</Y>
    </Spoint>
    <W>32</W>
    <H>56</H>
  </Answer>
  <Answer>
    <fname>picture5_1.png</fname>
    <num>5</num>
    <Spoint>
      <X>163</X>
      <Y>432</Y>
    </Spoint>
    <W>26</W>
    <H>24</H>
  </Answer>
  <Answer>
    <fname>picture6_1.jpg</fname>
    <num>1</num>
    <Spoint>
      <X>141</X>
      <Y>155</Y>
    </Spoint>
    <W>21</W>
    <H>28</H>
  </Answer>
  <Answer>
    <fname>picture6_1.jpg</fname>
    <num>2</num>
    <Spoint>
      <X>35</X>
      <Y>298</Y>
    </Spoint>
    <W>35</W>
    <H>23</H>
  </Answer>
  <Answer>
    <fname>picture6_1.jpg</fname>
    <num>3</num>
    <Spoint>
      <X>42</X>
      <Y>363</Y>
    </Spoint>
    <W>18</W>
    <H>21</H>
  </Answer>
  <Answer>
    <fname>picture6_1.jpg</fname>
    <num>4</num>
    <Spoint>
      <X>134</X>
      <Y>420</Y>
    </Spoint>
    <W>26</W>
    <H>15</H>
  </Answer>
  <Answer>
    <fname>picture6_1.jpg</fname>
    <num>5</num>
    <Spoint>
      <X>198</X>
      <Y>400</Y>
    </Spoint>
    <W>25</W>
    <H>58</H>
  </Answer>
  <Answer>
    <fname>picture7_1.jpg</fname>
    <num>1</num>
    <Spoint>
      <X>1</X>
      <Y>1</Y>
    </Spoint>
    <W>60</W>
    <H>50</H>
  </Answer>
  <Answer>
    <fname>picture7_1.jpg</fname>
    <num>2</num>
    <Spoint>
      <X>216</X>
      <Y>3</Y>
    </Spoint>
    <W>48</W>
    <H>63</H>
  </Answer>
  <Answer>
    <fname>picture7_1.jpg</fname>
    <num>3</num>
    <Spoint>
      <X>212</X>
      <Y>188</Y>
    </Spoint>
    <W>60</W>
    <H>46</H>
  </Answer>
  <Answer>
    <fname>picture7_1.jpg</fname>
    <num>4</num>
    <Spoint>
      <X>93</X>
      <Y>309</Y>
    </Spoint>
    <W>28</W>
    <H>28</H>
  </Answer>
  <Answer>
    <fname>picture7_1.jpg</fname>
    <num>5</num>
    <Spoint>
      <X>4</X>
      <Y>368</Y>
    </Spoint>
    <W>39</W>
    <H>52</H>
  </Answer>
  <Answer>
    <fname>picture8_1.PNG</fname>
    <num>1</num>
    <Spoint>
      <X>214</X>
      <Y>7</Y>
    </Spoint>
    <W>35</W>
    <H>35</H>
  </Answer>
  <Answer>
    <fname>picture8_1.PNG</fname>
    <num>2</num>
    <Spoint>
      <X>101</X>
      <Y>118</Y>
    </Spoint>
    <W>22</W>
    <H>20</H>
  </Answer>
  <Answer>
    <fname>picture8_1.PNG</fname>
    <num>3</num>
    <Spoint>
      <X>152</X>
      <Y>171</Y>
    </Spoint>
    <W>36</W>
    <H>25</H>
  </Answer>
  <Answer>
    <fname>picture8_1.PNG</fname>
    <num>4</num>
    <Spoint>
      <X>0</X>
      <Y>53</Y>
    </Spoint>
    <W>49</W>
    <H>21</H>
  </Answer>
  <Answer>
    <fname>picture8_1.PNG</fname>
    <num>5</num>
    <Spoint>
      <X>140</X>
      <Y>327</Y>
    </Spoint>
    <W>23</W>
    <H>31</H>
  </Answer>
  <Answer>
    <fname>picture9_1.PNG</fname>
    <num>1</num>
    <Spoint>
      <X>119</X>
      <Y>8</Y>
    </Spoint>
    <W>26</W>
    <H>88</H>
  </Answer>
  <Answer>
    <fname>picture9_1.PNG</fname>
    <num>2</num>
    <Spoint>
      <X>175</X>
      <Y>112</Y>
    </Spoint>
    <W>36</W>
    <H>35</H>
  </Answer>
  <Answer>
    <fname>picture9_1.PNG</fname>
    <num>3</num>
    <Spoint>
      <X>202</X>
      <Y>255</Y>
    </Spoint>
    <W>24</W>
    <H>21</H>
  </Answer>
  <Answer>
    <fname>picture9_1.PNG</fname>
    <num>4</num>
    <Spoint>
      <X>195</X>
      <Y>418</Y>
    </Spoint>
    <W>45</W>
    <H>51</H>
  </Answer>
  <Answer>
    <fname>picture9_1.PNG</fname>
    <num>5</num>
    <Spoint>
      <X>0</X>
      <Y>300</Y>
    </Spoint>
    <W>51</W>
    <H>56</H>
  </Answer>
  <Answer>
    <fname>picture10_1.PNG</fname>
    <num>1</num>
    <Spoint>
      <X>106</X>
      <Y>52</Y>
    </Spoint>
    <W>42</W>
    <H>44</H>
  </Answer>
  <Answer>
    <fname>picture10_1.PNG</fname>
    <num>2</num>
    <Spoint>
      <X>147</X>
      <Y>160</Y>
    </Spoint>
    <W>28</W>
    <H>23</H>
  </Answer>
  <Answer>
    <fname>picture10_1.PNG</fname>
    <num>3</num>
    <Spoint>
      <X>238</X>
      <Y>272</Y>
    </Spoint>
    <W>78</W>
    <H>28</H>
  </Answer>
  <Answer>
    <fname>picture10_1.PNG</fname>
    <num>4</num>
    <Spoint>
      <X>124</X>
      <Y>301</Y>
    </Spoint>
    <W>30</W>
    <H>27</H>
  </Answer>
  <Answer>
    <fname>picture10_1.PNG</fname>
    <num>5</num>
    <Spoint>
      <X>146</X>
      <Y>337</Y>
    </Spoint>
    <W>29</W>
    <H>42</H>
  </Answer>
  <Answer>
    <fname>picture11_1.PNG</fname>
    <num>1</num>
    <Spoint>
      <X>298</X>
      <Y>3</Y>
    </Spoint>
    <W>29</W>
    <H>16</H>
  </Answer>
  <Answer>
    <fname>picture11_1.PNG</fname>
    <num>2</num>
    <Spoint>
      <X>22</X>
      <Y>89</Y>
    </Spoint>
    <W>30</W>
    <H>80</H>
  </Answer>
  <Answer>
    <fname>picture11_1.PNG</fname>
    <num>3</num>
    <Spoint>
      <X>140</X>
      <Y>202</Y>
    </Spoint>
    <W>32</W>
    <H>29</H>
  </Answer>
  <Answer>
    <fname>picture11_1.PNG</fname>
    <num>4</num>
    <Spoint>
      <X>50</X>
      <Y>286</Y>
    </Spoint>
    <W>28</W>
    <H>48</H>
  </Answer>
  <Answer>
    <fname>picture11_1.PNG</fname>
    <num>5</num>
    <Spoint>
      <X>38</X>
      <Y>357</Y>
    </Spoint>
    <W>40</W>
    <H>50</H>
  </Answer>
  <Answer>
    <fname>picture12_1.PNG</fname>
    <num>1</num>
    <Spoint>
      <X>157</X>
      <Y>36</Y>
    </Spoint>
    <W>49</W>
    <H>28</H>
  </Answer>
  <Answer>
    <fname>picture12_1.PNG</fname>
    <num>2</num>
    <Spoint>
      <X>47</X>
      <Y>116</Y>
    </Spoint>
    <W>51</W>
    <H>26</H>
  </Answer>
  <Answer>
    <fname>picture12_1.PNG</fname>
    <num>3</num>
    <Spoint>
      <X>164</X>
      <Y>162</Y>
    </Spoint>
    <W>48</W>
    <H>33</H>
  </Answer>
  <Answer>
    <fname>picture12_1.PNG</fname>
    <num>4</num>
    <Spoint>
      <X>167</X>
      <Y>302</Y>
    </Spoint>
    <W>32</W>
    <H>34</H>
  </Answer>
  <Answer>
    <fname>picture12_1.PNG</fname>
    <num>5</num>
    <Spoint>
      <X>288</X>
      <Y>406</Y>
    </Spoint>
    <W>39</W>
    <H>37</H>
  </Answer>
  <Answer>
    <fname>picture13_1.PNG</fname>
    <num>1</num>
    <Spoint>
      <X>2</X>
      <Y>216</Y>
    </Spoint>
    <W>16</W>
    <H>21</H>
  </Answer>
  <Answer>
    <fname>picture13_1.PNG</fname>
    <num>2</num>
    <Spoint>
      <X>106</X>
      <Y>310</Y>
    </Spoint>
    <W>24</W>
    <H>29</H>
  </Answer>
  <Answer>
    <fname>picture13_1.PNG</fname>
    <num>3</num>
    <Spoint>
      <X>114</X>
      <Y>183</Y>
    </Spoint>
    <W>47</W>
    <H>32</H>
  </Answer>
  <Answer>
    <fname>picture13_1.PNG</fname>
    <num>4</num>
    <Spoint>
      <X>191</X>
      <Y>133</Y>
    </Spoint>
    <W>35</W>
    <H>26</H>
  </Answer>
  <Answer>
    <fname>picture13_1.PNG</fname>
    <num>5</num>
    <Spoint>
      <X>227</X>
      <Y>240</Y>
    </Spoint>
    <W>42</W>
    <H>37</H>
  </Answer>
  <Answer>
    <fname>picture14_1.JPG</fname>
    <num>1</num>
    <Spoint>
      <X>92</X>
      <Y>45</Y>
    </Spoint>
    <W>46</W>
    <H>58</H>
  </Answer>
  <Answer>
    <fname>picture14_1.JPG</fname>
    <num>2</num>
    <Spoint>
      <X>147</X>
      <Y>176</Y>
    </Spoint>
    <W>52</W>
    <H>70</H>
  </Answer>
  <Answer>
    <fname>picture14_1.JPG</fname>
    <num>3</num>
    <Spoint>
      <X>274</X>
      <Y>162</Y>
    </Spoint>
    <W>55</W>
    <H>52</H>
  </Answer>
  <Answer>
    <fname>picture14_1.JPG</fname>
    <num>4</num>
    <Spoint>
      <X>8</X>
      <Y>293</Y>
    </Spoint>
    <W>55</W>
    <H>35</H>
  </Answer>
  <Answer>
    <fname>picture14_1.JPG</fname>
    <num>5</num>
    <Spoint>
      <X>0</X>
      <Y>360</Y>
    </Spoint>
    <W>46</W>
    <H>44</H>
  </Answer>
  <Answer>
    <fname>picture15_1.JPG</fname>
    <num>1</num>
    <Spoint>
      <X>171</X>
      <Y>12</Y>
    </Spoint>
    <W>45</W>
    <H>42</H>
  </Answer>
  <Answer>
    <fname>picture15_1.JPG</fname>
    <num>2</num>
    <Spoint>
      <X>268</X>
      <Y>64</Y>
    </Spoint>
    <W>41</W>
    <H>50</H>
  </Answer>
  <Answer>
    <fname>picture15_1.JPG</fname>
    <num>3</num>
    <Spoint>
      <X>148</X>
      <Y>109</Y>
    </Spoint>
    <W>55</W>
    <H>43</H>
  </Answer>
  <Answer>
    <fname>picture15_1.JPG</fname>
    <num>4</num>
    <Spoint>
      <X>74</X>
      <Y>230</Y>
    </Spoint>
    <W>59</W>
    <H>32</H>
  </Answer>
  <Answer>
    <fname>picture15_1.JPG</fname>
    <num>5</num>
    <Spoint>
      <X>96</X>
      <Y>375</Y>
    </Spoint>
    <W>30</W>
    <H>25</H>
  </Answer>
  <Answer>
    <fname>picture16_1.JPG</fname>
    <num>1</num>
    <Spoint>
      <X>110</X>
      <Y>35</Y>
    </Spoint>
    <W>71</W>
    <H>29</H>
  </Answer>
  <Answer>
    <fname>picture16_1.JPG</fname>
    <num>2</num>
    <Spoint>
      <X>106</X>
      <Y>272</Y>
    </Spoint>
    <W>55</W>
    <H>49</H>
  </Answer>
  <Answer>
    <fname>picture16_1.JPG</fname>
    <num>3</num>
    <Spoint>
      <X>183</X>
      <Y>326</Y>
    </Spoint>
    <W>81</W>
    <H>62</H>
  </Answer>
  <Answer>
    <fname>picture16_1.JPG</fname>
    <num>4</num>
    <Spoint>
      <X>287</X>
      <Y>285</Y>
    </Spoint>
    <W>41</W>
    <H>95</H>
  </Answer>
  <Answer>
    <fname>picture16_1.JPG</fname>
    <num>5</num>
    <Spoint>
      <X>3</X>
      <Y>172</Y>
    </Spoint>
    <W>30</W>
    <H>26</H>
  </Answer>
  <Answer>
    <fname>picture17_1.JPG</fname>
    <num>1</num>
    <Spoint>
      <X>135</X>
      <Y>4</Y>
    </Spoint>
    <W>32</W>
    <H>55</H>
  </Answer>
  <Answer>
    <fname>picture17_1.JPG</fname>
    <num>2</num>
    <Spoint>
      <X>235</X>
      <Y>5</Y>
    </Spoint>
    <W>37</W>
    <H>39</H>
  </Answer>
  <Answer>
    <fname>picture17_1.JPG</fname>
    <num>3</num>
    <Spoint>
      <X>197</X>
      <Y>272</Y>
    </Spoint>
    <W>73</W>
    <H>35</H>
  </Answer>
  <Answer>
    <fname>picture17_1.JPG</fname>
    <num>4</num>
    <Spoint>
      <X>108</X>
      <Y>324</Y>
    </Spoint>
    <W>27</W>
    <H>29</H>
  </Answer>
  <Answer>
    <fname>picture17_1.JPG</fname>
    <num>5</num>
    <Spoint>
      <X>2</X>
      <Y>441</Y>
    </Spoint>
    <W>78</W>
    <H>25</H>
  </Answer>
  <Answer>
    <fname>picture18_1.JPG</fname>
    <num>1</num>
    <Spoint>
      <X>0</X>
      <Y>153</Y>
    </Spoint>
    <W>17</W>
    <H>11</H>
  </Answer>
  <Answer>
    <fname>picture18_1.JPG</fname>
    <num>2</num>
    <Spoint>
      <X>106</X>
      <Y>213</Y>
    </Spoint>
    <W>40</W>
    <H>20</H>
  </Answer>
  <Answer>
    <fname>picture18_1.JPG</fname>
    <num>3</num>
    <Spoint>
      <X>282</X>
      <Y>249</Y>
    </Spoint>
    <W>26</W>
    <H>20</H>
  </Answer>
  <Answer>
    <fname>picture18_1.JPG</fname>
    <num>4</num>
    <Spoint>
      <X>63</X>
      <Y>387</Y>
    </Spoint>
    <W>50</W>
    <H>32</H>
  </Answer>
  <Answer>
    <fname>picture18_1.JPG</fname>
    <num>5</num>
    <Spoint>
      <X>203</X>
      <Y>359</Y>
    </Spoint>
    <W>39</W>
    <H>56</H>
  </Answer>
  <Answer>
    <fname>picture19_1.JPG</fname>
    <num>1</num>
    <Spoint>
      <X>76</X>
      <Y>88</Y>
    </Spoint>
    <W>26</W>
    <H>25</H>
  </Answer>
  <Answer>
    <fname>picture19_1.JPG</fname>
    <num>2</num>
    <Spoint>
      <X>255</X>
      <Y>1</Y>
    </Spoint>
    <W>44</W>
    <H>50</H>
  </Answer>
  <Answer>
    <fname>picture19_1.JPG</fname>
    <num>3</num>
    <Spoint>
      <X>5</X>
      <Y>356</Y>
    </Spoint>
    <W>54</W>
    <H>70</H>
  </Answer>
  <Answer>
    <fname>picture19_1.JPG</fname>
    <num>4</num>
    <Spoint>
      <X>107</X>
      <Y>332</Y>
    </Spoint>
    <W>128</W>
    <H>103</H>
  </Answer>
  <Answer>
    <fname>picture19_1.JPG</fname>
    <num>5</num>
    <Spoint>
      <X>242</X>
      <Y>408</Y>
    </Spoint>
    <W>28</W>
    <H>43</H>
  </Answer>
  <Answer>
    <fname>picture20_1.JPG</fname>
    <num>1</num>
    <Spoint>
      <X>110</X>
      <Y>87</Y>
    </Spoint>
    <W>41</W>
    <H>54</H>
  </Answer>
  <Answer>
    <fname>picture20_1.JPG</fname>
    <num>2</num>
    <Spoint>
      <X>253</X>
      <Y>57</Y>
    </Spoint>
    <W>43</W>
    <H>28</H>
  </Answer>
  <Answer>
    <fname>picture20_1.JPG</fname>
    <num>3</num>
    <Spoint>
      <X>50</X>
      <Y>199</Y>
    </Spoint>
    <W>40</W>
    <H>20</H>
  </Answer>
  <Answer>
    <fname>picture20_1.JPG</fname>
    <num>4</num>
    <Spoint>
      <X>184</X>
      <Y>200</Y>
    </Spoint>
    <W>36</W>
    <H>33</H>
  </Answer>
  <Answer>
    <fname>picture20_1.JPG</fname>
    <num>5</num>
    <Spoint>
      <X>13</X>
      <Y>432</Y>
    </Spoint>
    <W>37</W>
    <H>32</H>
  </Answer>
  <Answer>
    <fname>picture21_1.JPG</fname>
    <num>1</num>
    <Spoint>
      <X>200</X>
      <Y>252</Y>
    </Spoint>
    <W>30</W>
    <H>22</H>
  </Answer>
  <Answer>
    <fname>picture21_1.JPG</fname>
    <num>2</num>
    <Spoint>
      <X>4</X>
      <Y>297</Y>
    </Spoint>
    <W>36</W>
    <H>39</H>
  </Answer>
  <Answer>
    <fname>picture21_1.JPG</fname>
    <num>3</num>
    <Spoint>
      <X>188</X>
      <Y>310</Y>
    </Spoint>
    <W>48</W>
    <H>60</H>
  </Answer>
  <Answer>
    <fname>picture21_1.JPG</fname>
    <num>4</num>
    <Spoint>
      <X>118</X>
      <Y>361</Y>
    </Spoint>
    <W>31</W>
    <H>55</H>
  </Answer>
  <Answer>
    <fname>picture21_1.JPG</fname>
    <num>5</num>
    <Spoint>
      <X>221</X>
      <Y>407</Y>
    </Spoint>
    <W>45</W>
    <H>66</H>
  </Answer>
  <Answer>
    <fname>picture22_1.JPG</fname>
    <num>1</num>
    <Spoint>
      <X>94</X>
      <Y>41</Y>
    </Spoint>
    <W>36</W>
    <H>62</H>
  </Answer>
  <Answer>
    <fname>picture22_1.JPG</fname>
    <num>2</num>
    <Spoint>
      <X>82</X>
      <Y>194</Y>
    </Spoint>
    <W>45</W>
    <H>28</H>
  </Answer>
  <Answer>
    <fname>picture22_1.JPG</fname>
    <num>3</num>
    <Spoint>
      <X>0</X>
      <Y>291</Y>
    </Spoint>
    <W>36</W>
    <H>32</H>
  </Answer>
  <Answer>
    <fname>picture22_1.JPG</fname>
    <num>4</num>
    <Spoint>
      <X>63</X>
      <Y>314</Y>
    </Spoint>
    <W>42</W>
    <H>31</H>
  </Answer>
  <Answer>
    <fname>picture22_1.JPG</fname>
    <num>5</num>
    <Spoint>
      <X>179</X>
      <Y>371</Y>
    </Spoint>
    <W>60</W>
    <H>45</H>
  </Answer>
</ArrayOfAnswer>