<?xml version="1.0"?>
<ArrayOfClsPerson xmlns:xsi="http://www.w3.org/2001/XMLSchema-instance" xmlns:xsd="http://www.w3.org/2001/XMLSchema">
  <clsPerson>
    <classNumber>12111624</classNumber>
    <password>CfUV10hCHjQ=</password>
    <name>임성준</name>
    <phone>010</phone>
    <gender>남</gender>
    <room>
      <int>-1</int>
      <int>0</int>
      <int>0</int>
      <int>0</int>
    </room>
    <elo>1200</elo>
  </clsPerson>
  <clsPerson>
    <classNumber>12121432</classNumber>
    <password>1oLQ+ikgdog=</password>
    <name>고화랑</name>
    <phone>01052054687</phone>
    <gender>남</gender>
    <room>
      <int>-1</int>
      <int>0</int>
      <int>0</int>
      <int>0</int>
    </room>
    <elo>1192</elo>
  </clsPerson>
  <clsPerson>
    <classNumber>12121427</classNumber>
    <password>tanMGQ6IB0s=</password>
    <name>강승호</name>
    <phone>01094549676</phone>
    <gender>남</gender>
    <room>
      <int>-1</int>
      <int>0</int>
      <int>0</int>
      <int>0</int>
    </room>
    <elo>1192</elo>
  </clsPerson>
  <clsPerson>
    <classNumber>12121451</classNumber>
    <password>Zpz3RpgA4J8=</password>
    <name>김수환</name>
    <phone>01039302081</phone>
    <gender>남</gender>
    <room>
      <int>-1</int>
      <int>0</int>
      <int>0</int>
      <int>0</int>
    </room>
    <elo>1208</elo>
  </clsPerson>
  <clsPerson>
    <classNumber>12101461</classNumber>
    <password>k0u4MsSP0zNVBFiJwwnKpw==</password>
    <name>박세원</name>
    <phone>01040999950</phone>
    <gender>여</gender>
    <room>
      <int>-1</int>
      <int>0</int>
      <int>0</int>
      <int>0</int>
    </room>
    <elo>1208</elo>
  </clsPerson>
  <clsPerson>
    <classNumber>12121589</classNumber>
    <password>4/Jmt/40zs0=</password>
    <name>허용강</name>
    <phone>01040019260</phone>
    <gender>남</gender>
    <room>
      <int>-1</int>
      <int>0</int>
      <int>0</int>
      <int>0</int>
    </room>
    <elo>1192</elo>
  </clsPerson>
  <clsPerson>
    <classNumber>11111111</classNumber>
    <password>83I1JtWp7t2n8owq/86LKw==</password>
    <name>권한솔</name>
    <phone>010-7142-1858</phone>
    <gender>남</gender>
    <room>
      <int>-1</int>
      <int>0</int>
      <int>0</int>
      <int>0</int>
    </room>
    <elo>1192</elo>
  </clsPerson>
  <clsPerson>
    <classNumber>44444444</classNumber>
    <password>+4u/zteesKA=</password>
    <name>이영수</name>
    <phone>01051068907</phone>
    <gender>남</gender>
    <room>
      <int>-1</int>
      <int>0</int>
      <int>0</int>
      <int>0</int>
    </room>
    <elo>1208</elo>
  </clsPerson>
  <clsPerson>
    <classNumber>12121519</classNumber>
    <password>Kc4QmZCjcgI=</password>
    <name>윤건희</name>
    <phone>01073437270</phone>
    <gender>남</gender>
    <room>
      <int>-1</int>
      <int>0</int>
      <int>0</int>
      <int>0</int>
    </room>
    <elo>1256</elo>
  </clsPerson>
  <clsPerson>
    <classNumber>1.......</classNumber>
    <password>Kc4QmZCjcgI=</password>
    <name>조교님</name>
    <phone>01066310408</phone>
    <gender>남</gender>
    <room>
      <int>-1</int>
      <int>0</int>
      <int>0</int>
      <int>0</int>
    </room>
    <elo>1200</elo>
  </clsPerson>
  <clsPerson>
    <classNumber>12031073</classNumber>
    <password>ubtwY03wfftDR+KjfzbaPA==</password>
    <name>조교님</name>
    <phone>01066310408</phone>
    <gender>남</gender>
    <room>
      <int>-1</int>
      <int>0</int>
      <int>0</int>
      <int>0</int>
    </room>
    <elo>1208</elo>
  </clsPerson>
  <clsPerson>
    <classNumber>20030706</classNumber>
    <password>VuQsLTfsZxI=</password>
    <name>윤완오</name>
    <phone>01081151112</phone>
    <gender>남</gender>
    <room>
      <int>-1</int>
      <int>0</int>
      <int>0</int>
      <int>0</int>
    </room>
    <elo>1200</elo>
  </clsPerson>
  <clsPerson>
    <classNumber>12091514</classNumber>
    <password>iiTwvU714pakw7cG+SNzTA==</password>
    <name>박진상</name>
    <phone>010</phone>
    <gender>남</gender>
    <room>
      <int>-1</int>
      <int>0</int>
      <int>0</int>
      <int>0</int>
    </room>
    <elo>1192</elo>
  </clsPerson>
  <clsPerson>
    <classNumber>12091578</classNumber>
    <password>F0U3OkApwGgyypgft5qvyA==</password>
    <name>오수영</name>
    <phone>01071222118</phone>
    <gender>여</gender>
    <room>
      <int>-1</int>
      <int>0</int>
      <int>0</int>
      <int>0</int>
    </room>
    <elo>1216</elo>
  </clsPerson>
  <clsPerson>
    <classNumber>12121524</classNumber>
    <password>0yhdsVKY/U4=</password>
    <name>이명오</name>
    <phone>0000</phone>
    <gender>남</gender>
    <room>
      <int>-1</int>
      <int>0</int>
      <int>0</int>
      <int>0</int>
    </room>
    <elo>1208</elo>
  </clsPerson>
  <clsPerson>
    <classNumber>12121509</classNumber>
    <password>gQYbwRFaTSk=</password>
    <name>우승호</name>
    <phone>01089722030</phone>
    <gender>남</gender>
    <room>
      <int>-1</int>
      <int>0</int>
      <int>0</int>
      <int>0</int>
    </room>
    <elo>1256</elo>
  </clsPerson>
  <clsPerson>
    <classNumber>12121456</classNumber>
    <password>j+wK1wAKplo=</password>
    <name>김인하</name>
    <phone>01084554620</phone>
    <gender>여</gender>
    <room>
      <int>-1</int>
      <int>0</int>
      <int>0</int>
      <int>0</int>
    </room>
    <elo>1216</elo>
  </clsPerson>
  <clsPerson>
    <classNumber>12121570</classNumber>
    <password>SlEzJnvyRJ0EGqN4LAQ5TQ==</password>
    <name>채한주</name>
    <phone>01050082539</phone>
    <gender>남</gender>
    <room>
      <int>-1</int>
      <int>0</int>
      <int>0</int>
      <int>0</int>
    </room>
    <elo>1192</elo>
  </clsPerson>
  <clsPerson>
    <classNumber>12111689</classNumber>
    <password>Y4Otc/hWPvTNW6469LM42A==</password>
    <name>한태관</name>
    <phone>secret</phone>
    <gender>남</gender>
    <room>
      <int>-1</int>
      <int>0</int>
      <int>0</int>
      <int>0</int>
    </room>
    <elo>1200</elo>
  </clsPerson>
  <clsPerson>
    <classNumber>12121434</classNumber>
    <password>i/OAd+8eop0=</password>
    <name>흥애애기</name>
    <phone>01027441432</phone>
    <gender>남</gender>
    <room>
      <int>-1</int>
      <int>0</int>
      <int>0</int>
      <int>0</int>
    </room>
    <elo>1224</elo>
  </clsPerson>
  <clsPerson>
    <classNumber>12060965</classNumber>
    <password>VuQsLTfsZxI=</password>
    <name>서명원</name>
    <phone>11</phone>
    <gender>남</gender>
    <room>
      <int>-1</int>
      <int>0</int>
      <int>0</int>
      <int>0</int>
    </room>
    <elo>1184</elo>
  </clsPerson>
  <clsPerson>
    <classNumber>12111495</classNumber>
    <password>EhYewIjO7oio+ishRHKfaQ==</password>
    <name>박예지</name>
    <phone>85844163</phone>
    <gender>여</gender>
    <room>
      <int>-1</int>
      <int>0</int>
      <int>0</int>
      <int>0</int>
    </room>
    <elo>1208</elo>
  </clsPerson>
  <clsPerson>
    <classNumber>12111603</classNumber>
    <password>zBZhpVBtWeQ=</password>
    <name>이윤석</name>
    <phone>01010101010101</phone>
    <gender>남</gender>
    <room>
      <int>-1</int>
      <int>0</int>
      <int>0</int>
      <int>0</int>
    </room>
    <elo>1192</elo>
  </clsPerson>
  <clsPerson>
    <classNumber>12121446</classNumber>
    <password>Kc4QmZCjcgI=</password>
    <name>김동원</name>
    <phone>112</phone>
    <gender>남</gender>
    <room>
      <int>-1</int>
      <int>0</int>
      <int>0</int>
      <int>0</int>
    </room>
    <elo>1144</elo>
  </clsPerson>
  <clsPerson>
    <classNumber>12121671</classNumber>
    <password>TsZwkrdWZcTeK5kiExKJiQ==</password>
    <name>이소현</name>
    <phone>01074778598</phone>
    <gender>여</gender>
    <room>
      <int>-1</int>
      <int>0</int>
      <int>0</int>
      <int>0</int>
    </room>
    <elo>1208</elo>
  </clsPerson>
  <clsPerson>
    <classNumber>12121709</classNumber>
    <password>a6VIVWaPshL1ERex8A00yg==</password>
    <name>천지영</name>
    <phone>01033615013</phone>
    <gender>여</gender>
    <room>
      <int>-1</int>
      <int>0</int>
      <int>0</int>
      <int>0</int>
    </room>
    <elo>1192</elo>
  </clsPerson>
  <clsPerson>
    <classNumber>12084656</classNumber>
    <password>wZGwUCII6WD+U5t/Pn5BQA==</password>
    <name>서동환</name>
    <phone>01053381727</phone>
    <gender>남</gender>
    <room>
      <int>-1</int>
      <int>0</int>
      <int>0</int>
      <int>0</int>
    </room>
    <elo>1208</elo>
  </clsPerson>
  <clsPerson>
    <classNumber>22111436</classNumber>
    <password>Kc4QmZCjcgI=</password>
    <name>정주희</name>
    <phone>11111111111</phone>
    <gender>여</gender>
    <room>
      <int>-1</int>
      <int>0</int>
      <int>0</int>
      <int>0</int>
    </room>
    <elo>1208</elo>
  </clsPerson>
  <clsPerson>
    <classNumber>12091538</classNumber>
    <password>RPcSXllnCDdrEtsAqXCTuw==</password>
    <name>서리다</name>
    <phone>01041114029</phone>
    <gender>여</gender>
    <room>
      <int>-1</int>
      <int>0</int>
      <int>0</int>
      <int>0</int>
    </room>
    <elo>1192</elo>
  </clsPerson>
  <clsPerson>
    <classNumber>12071117</classNumber>
    <password>5TwanYDpa1s=</password>
    <name>조동욱</name>
    <phone>01029220633</phone>
    <gender>남</gender>
    <room>
      <int>-1</int>
      <int>0</int>
      <int>0</int>
      <int>0</int>
    </room>
    <elo>1208</elo>
  </clsPerson>
  <clsPerson>
    <classNumber>12121518</classNumber>
    <password>cV5s4YlSrS9EfspITM8Ipw==</password>
    <name>유호균</name>
    <phone>01041975132</phone>
    <gender>남</gender>
    <room>
      <int>-1</int>
      <int>0</int>
      <int>0</int>
      <int>0</int>
    </room>
    <elo>1192</elo>
  </clsPerson>
  <clsPerson>
    <classNumber>12101551</classNumber>
    <password>OKOGlWGJDGI=</password>
    <name>이수훈</name>
    <phone>01049024928</phone>
    <gender>남</gender>
    <room>
      <int>-1</int>
      <int>0</int>
      <int>0</int>
      <int>0</int>
    </room>
    <elo>1184</elo>
  </clsPerson>
  <clsPerson>
    <classNumber>12091539</classNumber>
    <password>JFAR47D1jjQ=</password>
    <name>혬혬</name>
    <phone>01073104279</phone>
    <gender>여</gender>
    <room>
      <int>-1</int>
      <int>0</int>
      <int>0</int>
      <int>0</int>
    </room>
    <elo>1232</elo>
  </clsPerson>
  <clsPerson>
    <classNumber>12091618</classNumber>
    <password>y1/hvFZCvL4seadsTml5iQ==</password>
    <name>이우진</name>
    <phone>01084470860</phone>
    <gender>남</gender>
    <room>
      <int>-1</int>
      <int>0</int>
      <int>0</int>
      <int>0</int>
    </room>
    <elo>1192</elo>
  </clsPerson>
  <clsPerson>
    <classNumber>12111482</classNumber>
    <password>qaMCg49KP+CmwXRSJNftow==</password>
    <name>명다영</name>
    <phone>01040384530</phone>
    <gender>여</gender>
    <room>
      <int>-1</int>
      <int>0</int>
      <int>0</int>
      <int>0</int>
    </room>
    <elo>1184</elo>
  </clsPerson>
  <clsPerson>
    <classNumber>12111563</classNumber>
    <password>K1C5tkiDdfM=</password>
    <name>유진</name>
    <phone>01068160529</phone>
    <gender>여</gender>
    <room>
      <int>-1</int>
      <int>0</int>
      <int>0</int>
      <int>0</int>
    </room>
    <elo>1192</elo>
  </clsPerson>
  <clsPerson>
    <classNumber>12111405</classNumber>
    <password>ti4BboLQ9UPLATwPYen30A==</password>
    <name>강승모</name>
    <phone>01031727309</phone>
    <gender>남</gender>
    <room>
      <int>-1</int>
      <int>0</int>
      <int>0</int>
      <int>0</int>
    </room>
    <elo>1208</elo>
  </clsPerson>
  <clsPerson>
    <classNumber>12080811</classNumber>
    <password>w7inSAcTLeo=</password>
    <name>최시원</name>
    <phone>01050693213</phone>
    <gender>남</gender>
    <room>
      <int>-1</int>
      <int>0</int>
      <int>0</int>
      <int>0</int>
    </room>
    <elo>1208</elo>
  </clsPerson>
  <clsPerson>
    <classNumber>12121533</classNumber>
    <password>Tl7rau8FqZo=</password>
    <name>이은지</name>
    <phone>0</phone>
    <gender>여</gender>
    <room>
      <int>-1</int>
      <int>0</int>
      <int>0</int>
      <int>0</int>
    </room>
    <elo>1208</elo>
  </clsPerson>
  <clsPerson>
    <classNumber>12121572</classNumber>
    <password>m0v8v68k+uY=</password>
    <name>최나은</name>
    <phone>010411536753</phone>
    <gender>여</gender>
    <room>
      <int>-1</int>
      <int>0</int>
      <int>0</int>
      <int>0</int>
    </room>
    <elo>1208</elo>
  </clsPerson>
  <clsPerson>
    <classNumber>12121212</classNumber>
    <password>VuQsLTfsZxI=</password>
    <name>dd</name>
    <phone>11</phone>
    <gender>남</gender>
    <room>
      <int>-1</int>
      <int>0</int>
      <int>0</int>
      <int>0</int>
    </room>
    <elo>1208</elo>
  </clsPerson>
  <clsPerson>
    <classNumber>12121554</classNumber>
    <password>oqJkwJu+DB/qllJz9T5SwA==</password>
    <name>전일주</name>
    <phone>01056594775</phone>
    <gender>남</gender>
    <room>
      <int>-1</int>
      <int>0</int>
      <int>0</int>
      <int>0</int>
    </room>
    <elo>1208</elo>
  </clsPerson>
  <clsPerson>
    <classNumber>12345678</classNumber>
    <password>0yhdsVKY/U4=</password>
    <name>ww</name>
    <phone>123456</phone>
    <gender>여</gender>
    <room>
      <int>-1</int>
      <int>0</int>
      <int>0</int>
      <int>0</int>
    </room>
    <elo>1192</elo>
  </clsPerson>
  <clsPerson>
    <classNumber>12111642</classNumber>
    <password>BEFJWnwi22E=</password>
    <name>정병우</name>
    <phone>01029742668</phone>
    <gender>남</gender>
    <room>
      <int>-1</int>
      <int>0</int>
      <int>0</int>
      <int>0</int>
    </room>
    <elo>1232</elo>
  </clsPerson>
  <clsPerson>
    <classNumber>12111699</classNumber>
    <password>CfUV10hCHjQ=</password>
    <name>황연주</name>
    <phone>010</phone>
    <gender>여</gender>
    <room>
      <int>-1</int>
      <int>0</int>
      <int>0</int>
      <int>0</int>
    </room>
    <elo>1224</elo>
  </clsPerson>
  <clsPerson>
    <classNumber>12121577</classNumber>
    <password>EZWqWcq3Ou0=</password>
    <name>최유정</name>
    <phone>01041473282</phone>
    <gender>여</gender>
    <room>
      <int>-1</int>
      <int>0</int>
      <int>0</int>
      <int>0</int>
    </room>
    <elo>1184</elo>
  </clsPerson>
  <clsPerson>
    <classNumber>12111401</classNumber>
    <password>+4u/zteesKA=</password>
    <name>ㅇ</name>
    <phone>0100</phone>
    <gender>남</gender>
    <room>
      <int>-1</int>
      <int>0</int>
      <int>0</int>
      <int>0</int>
    </room>
    <elo>1192</elo>
  </clsPerson>
  <clsPerson>
    <classNumber>12111663</classNumber>
    <password>hf3SdNtPEJU=</password>
    <name>진정은</name>
    <phone>011</phone>
    <gender>여</gender>
    <room>
      <int>-1</int>
      <int>0</int>
      <int>0</int>
      <int>0</int>
    </room>
    <elo>1200</elo>
  </clsPerson>
  <clsPerson>
    <classNumber>12073142</classNumber>
    <password>9gfGDMgvp1c=</password>
    <name>원성준</name>
    <phone>01049372403</phone>
    <gender>남</gender>
    <room>
      <int>-1</int>
      <int>0</int>
      <int>0</int>
      <int>0</int>
    </room>
    <elo>1200</elo>
  </clsPerson>
  <clsPerson>
    <classNumber>12111623</classNumber>
    <password>CfUV10hCHjQ=</password>
    <name>테스터</name>
    <phone>010</phone>
    <gender>남</gender>
    <room>
      <int>-1</int>
      <int>0</int>
      <int>0</int>
      <int>0</int>
    </room>
    <elo>1200</elo>
  </clsPerson>
  <clsPerson>
    <classNumber>12091687</classNumber>
    <password>2W2pgb6AO2k=</password>
    <name>조현제</name>
    <phone>01042447414</phone>
    <gender>남</gender>
    <room>
      <int>-1</int>
      <int>0</int>
      <int>0</int>
      <int>0</int>
    </room>
    <elo>1192</elo>
  </clsPerson>
  <clsPerson>
    <classNumber>12121436</classNumber>
    <password>CXa3RfI0y2c=</password>
    <name>권도영</name>
    <phone>01022264436</phone>
    <gender>여</gender>
    <room>
      <int>-1</int>
      <int>0</int>
      <int>0</int>
      <int>0</int>
    </room>
    <elo>1208</elo>
  </clsPerson>
  <clsPerson>
    <classNumber>12111592</classNumber>
    <password>Kc4QmZCjcgI=</password>
    <name>임성준바보</name>
    <phone>010-6632-6824</phone>
    <gender>남</gender>
    <room>
      <int>-1</int>
      <int>0</int>
      <int>0</int>
      <int>0</int>
    </room>
    <elo>1192</elo>
  </clsPerson>
  <clsPerson>
    <classNumber>12091664</classNumber>
    <password>A4oCbyOtQf4CITxJnY0rZw==</password>
    <name>정다희</name>
    <phone>01071281184</phone>
    <gender>여</gender>
    <room>
      <int>-1</int>
      <int>0</int>
      <int>0</int>
      <int>0</int>
    </room>
    <elo>1200</elo>
  </clsPerson>
  <clsPerson>
    <classNumber>12081069</classNumber>
    <password>TVWlzsgf+NU=</password>
    <name>장승헌</name>
    <phone>01020768958</phone>
    <gender>남</gender>
    <room>
      <int>-1</int>
      <int>0</int>
      <int>0</int>
      <int>0</int>
    </room>
    <elo>1216</elo>
  </clsPerson>
  <clsPerson>
    <classNumber>12121443</classNumber>
    <password>99zIZE1Y6kU=</password>
    <name>김권일</name>
    <phone>01071399577</phone>
    <gender>남</gender>
    <room>
      <int>-1</int>
      <int>0</int>
      <int>0</int>
      <int>0</int>
    </room>
    <elo>1208</elo>
  </clsPerson>
  <clsPerson>
    <classNumber>12121529</classNumber>
    <password>C71ttC7Ownc=</password>
    <name>이영웅</name>
    <phone>01099636931</phone>
    <gender>남</gender>
    <room>
      <int>-1</int>
      <int>0</int>
      <int>0</int>
      <int>0</int>
    </room>
    <elo>1192</elo>
  </clsPerson>
  <clsPerson>
    <classNumber>나는야경찰112</classNumber>
    <password>7SFu+0jv+aA=</password>
    <name>경찰</name>
    <phone>112</phone>
    <gender>여</gender>
    <room>
      <int>-1</int>
      <int>0</int>
      <int>0</int>
      <int>0</int>
    </room>
    <elo>1200</elo>
  </clsPerson>
  <clsPerson>
    <classNumber>11911244</classNumber>
    <password>7SFu+0jv+aA=</password>
    <name>여경</name>
    <phone>112</phone>
    <gender>여</gender>
    <room>
      <int>-1</int>
      <int>0</int>
      <int>0</int>
      <int>0</int>
    </room>
    <elo>1240</elo>
  </clsPerson>
  <clsPerson>
    <classNumber>12121466</classNumber>
    <password>72e2Bvr6887NDSE1JO3DIQ==</password>
    <name>김하빈</name>
    <phone>01057729244</phone>
    <gender>남</gender>
    <room>
      <int>-1</int>
      <int>0</int>
      <int>0</int>
      <int>0</int>
    </room>
    <elo>1184</elo>
  </clsPerson>
  <clsPerson>
    <classNumber>12111541</classNumber>
    <password>ucnhlQXgsZzo6Q1XJIlNsQ==</password>
    <name>안보현</name>
    <phone>01093002503</phone>
    <gender>남</gender>
    <room>
      <int>-1</int>
      <int>0</int>
      <int>0</int>
      <int>0</int>
    </room>
    <elo>1232</elo>
  </clsPerson>
  <clsPerson>
    <classNumber>12121553</classNumber>
    <password>Y4Otc/hWPvTNW6469LM42A==</password>
    <name>전성윤</name>
    <phone>01099390251</phone>
    <gender>남</gender>
    <room>
      <int>-1</int>
      <int>0</int>
      <int>0</int>
      <int>0</int>
    </room>
    <elo>1192</elo>
  </clsPerson>
  <clsPerson>
    <classNumber>12111694</classNumber>
    <password>0yhdsVKY/U4=</password>
    <name>홍석주</name>
    <phone>01071812678</phone>
    <gender>남</gender>
    <room>
      <int>-1</int>
      <int>0</int>
      <int>0</int>
      <int>0</int>
    </room>
    <elo>1208</elo>
  </clsPerson>
  <clsPerson>
    <classNumber>12091659</classNumber>
    <password>Kc4QmZCjcgI=</password>
    <name>전대헌</name>
    <phone>1234</phone>
    <gender>남</gender>
    <room>
      <int>-1</int>
      <int>0</int>
      <int>0</int>
      <int>0</int>
    </room>
    <elo>1200</elo>
  </clsPerson>
  <clsPerson>
    <classNumber>12111662</classNumber>
    <password>1oLQ+ikgdog=</password>
    <name>진민화</name>
    <phone>01075492870</phone>
    <gender>남</gender>
    <room>
      <int>-1</int>
      <int>0</int>
      <int>0</int>
      <int>0</int>
    </room>
    <elo>1200</elo>
  </clsPerson>
  <clsPerson>
    <classNumber>12121544</classNumber>
    <password>ELaB53HST8oR9KZKjbCaQw==</password>
    <name>이현주</name>
    <phone>010123132</phone>
    <gender>여</gender>
    <room>
      <int>-1</int>
      <int>0</int>
      <int>0</int>
      <int>0</int>
    </room>
    <elo>1192</elo>
  </clsPerson>
  <clsPerson>
    <classNumber>12341234</classNumber>
    <password>Kc4QmZCjcgI=</password>
    <name>1234</name>
    <phone>1234</phone>
    <gender>남</gender>
    <room>
      <int>-1</int>
      <int>0</int>
      <int>0</int>
      <int>0</int>
    </room>
    <elo>1192</elo>
  </clsPerson>
  <clsPerson>
    <classNumber>00000000</classNumber>
    <password>QG8sGE3Ai7s=</password>
    <name>0000</name>
    <phone>0000</phone>
    <gender>남</gender>
    <room>
      <int>-1</int>
      <int>0</int>
      <int>0</int>
      <int>0</int>
    </room>
    <elo>1192</elo>
  </clsPerson>
  <clsPerson>
    <classNumber>12312312</classNumber>
    <password>CfUV10hCHjQ=</password>
    <name>테스터</name>
    <phone>1</phone>
    <gender>남</gender>
    <room>
      <int>-1</int>
      <int>0</int>
      <int>0</int>
      <int>0</int>
    </room>
    <elo>1200</elo>
  </clsPerson>
  <clsPerson>
    <classNumber>12121214</classNumber>
    <password>64ngfMDvS7Y=</password>
    <name>1213</name>
    <phone>1212</phone>
    <gender>남</gender>
    <room>
      <int>-1</int>
      <int>0</int>
      <int>0</int>
      <int>0</int>
    </room>
    <elo>1208</elo>
  </clsPerson>
</ArrayOfClsPerson>